{"schemaVersion":"1.0","appDefinitionTemplate":{"id":"/providers/Microsoft.PowerApps/apps/","type":"Microsoft.PowerApps/apps","tags":{"minimumRequiredApiVersion":"2.2.0"},"properties":{"appVersion":"2018-10-26T10:41:13Z","lifeCycleId":"Published","createdByClientVersion":{"major":3,"minor":18103,"build":23,"revision":0,"majorRevision":0,"minorRevision":0},"minClientVersion":{"major":3,"minor":18103,"build":23,"revision":0,"majorRevision":0,"minorRevision":0},"backgroundColor":"rgba(0, 176, 240, 1)","backgroundImageUri":"/13554902142911701883/Nfa0244d7-d7c6-4cba-91ae-73c4920e7092-logoSmallFile","displayName":"Meeting Invite Screen","description":"","appUris":{"documentUri":{"value":"/13554902142911701883/N3c43513b-459b-4cbe-bc41-c0c82db3994a-document.msapp","readonlyValue":"/13554902142911701883/N3c43513b-459b-4cbe-bc41-c0c82db3994a-document.msapp"},"imageUris":[]},"createdTime":"0001-01-01T00:00:00Z","lastModifiedTime":"0001-01-01T00:00:00Z","sharedGroupsCount":0,"sharedUsersCount":0,"icons":{"smallIconUri":"/13554902142911701883/N947a008b-fef2-4aae-9242-925789dfb894-small.png","mediumIconUri":"/13554902142911701883/N640e74e6-9d46-4c65-8af8-0e6af8d99ff0-medium.png","largeIconUri":"/13554902142911701883/N8376eb92-335d-4bc4-8b74-ec0d29c6078f-large.png","wideIconUri":"/13554902142911701883/N11b44350-f5cc-46f1-a073-5df6f54e081d-wide.png"},"connectionReferences":{"c6f4b030-2eb7-42ab-ba8e-972a1879b816":{"id":"c0c390b1-c142-4b52-9a15-c9ff5ba3b50d","displayName":"Office 365 Outlook","iconUri":"https://connectoricons-prod.azureedge.net/office365/icon_1.0.1008.1183.png","dataSources":["Office365"],"dependencies":[],"dependents":[],"parameterHints":{},"isOnPremiseConnection":false,"bypassConsent":false,"dataSets":{},"apiTier":"Standard"},"b7795836-836f-414f-99e1-13cc71406d3b":{"id":"d1f58aec-2c59-4717-a7a9-5203211fa8e0","displayName":"Office 365 Users","iconUri":"https://connectoricons-prod.azureedge.net/office365users/icon_1.0.1002.1175.png","dataSources":["Office365Users"],"dependencies":[],"dependents":[],"parameterHints":{},"isOnPremiseConnection":false,"bypassConsent":false,"dataSets":{},"apiTier":"Standard"}},"almMode":"Environment"}}}